gender,avg_transaction
Female,456.54901960784315
Male,455.42857142857144
